iter	RMSE
0	0.3902399367
1	0.3876695533
2	0.3852296198
3	0.38691678624	0.3887958391
5	0.3864814254
6	0.3840450671
7	0.3833511113
8	0.38094945849	0.3726382032
10	0.3702845891
11	0.3679667905
12	0.3656600794
113	0.3697942104
14	0.3676726797
15	0.3655458822
16	0.363372788
17	0.361239771
18	0.3591965441
19	0.3505050773
20	0.3487034629
21	0.3465727967
22	0.3512324735
23	0.3492458272
24	0.3471624921
25	0.3450129793
26	0.3364906661
27	0.3346072527
28	0.332699478729	29	0.3360384930	0.3264887569
31	0.3245933603
32	0.3226526529
333	0.3294590726
3434	0.3264343813535	0.3244985168
36	0.32257929637	0.3163870015
38	0.3146390761
39	0.31274940	0.40	0.31100841	0.3150772532
42	0.3132350578
43	043	0.303610244	044	0.302087345	045	0.3004651597
46	0.2988600069
47	0.2972481067
48	0.2957944577
449	0.2965450	0.3001932596
51	0.2987705303
52	0.2972851454
53	0.295761981
54	0.254	0.2867755	0.255	0.2853256	0.2910964281
57	0.2895437601
58	0.2879425587
59	0.259	0.2813960	0.260	0.2799961	0.2836052238
62	0.2822651891
63	0.263	0.2755564	0.264	0.2742865	0.2780111817
66	0.2767502358
67	0.275446801
68	0.2741189821
69	0.2727838908
70	0.70	0.2661295567
71	0.2649886358
72	0.2637353368
73	0.2625161034
74	0.2611726178
75	0.2598653586
76	0.2585315487777	0.2557995655
78	0.2546023253
779	0.256918647980	0.2522462569
81	0.251000989
82	0.2497574598
83	0.2485724515
884	0.2490274525
85	0.2478199
8686	0.2453500567
87	0.244233618
88	0.2432459762
89	0.2421446923
90	0.2411985218
91	0.2400698451
92	0.239019068593	0.2390765179
94	0.2379307512
95	0.2370464618
96	0.2360789688
97	0.2350416344
98	0.2340250446
99	0.2331065171
100	0.2320757869
101	0.2310920615
102	0.2301088411
103	0.2290627934
104	0.2281658841
105	0.2272384502
106	0.2262741253
107	0.2253538791
108	0.2243324679
109	0.2234490479
110	0.2224911939
111	0.2215836823
112	0.2206985994
113	0.2196907529
114	0.2187986385
115	0.217923818
116	0.2171447161
117	0.2162742427
118	0.21538890119	0.2152985115
120	0.2144276748
121	0.2135449997
122	0.2128054295
123	0.2120393233
124	0.2111470669
125	0.2102319065
126	0.2094848006
127	0.2087789381
128	0.2080724699
129	0.2072965328
130	0.206438741
131	0.2056715043
132	0.2048127485
133133	0.2037339767
134	0.2030723921
135	0.202276065
136	0.2015435744
137	0.2008364069
138	0.2001350194
139	0.1993788944
140	0.1987183317
141	0.1980376485
142	0.1973359698
143	0.1965897947
144	0.1959290335
145	0.1952896838
146	0.1946712364
147	0.1940347911
148	0.1934026263
149	0.1928360396
150	0.1921922349
151	0.191604669
152	0.1909666047
153	0.1903687852
154	0.1897658941
155	0.1891651805
156	0.1886291999
157	0.1879459977
158	0.1873507924
159	0.1866718908
160	0.1861113152
161	0.1855627112
162	0.1850541753
163	0.1844276235
164	0.1839105654
165	0.1833256854
166	0.1827325683
167	0.1168	0.1852834567
169	0.1846974848
170	0.1841872389
171	0.1836492289
172	0.183096774
173	0.182519324
174	0.1819944479
175	0.1814914236
176	0.1809764255
177	0.1804415578
178	0.1799342657
179	0.1794331984
180	0.1789246343
181	0.178435646
182	0.1779308857
183	0.1773947268
184	0.1768778888
185	0.176389054
186	0.1759250575
187	0.1754338812
188	0.1749550233
189	0.1745657449
190	0.1739990605
191	0.1735045244
192	0.1730266807
193	0.1726341888
194	0.1722264604
195	0.171823984
196	0.1713863457
197	0.1709828836
198	0.1705187681
199	0.170094557
200	0.16961638
201	0.1691725643
202	0.1687512551
203	0.1682918779
204	0.1679088773
205	0.1675335963
206	0.1671344545
207	0.1667051619
208	0.1663063375
209	0.1659391769
210	0.1655272442
211	0.1651593517
212	0.1648168669
213	0.1644043025
214	0.1640841369
215	0.1636307134
216	0.1632825633
217	0.1628985176
218	0.1624723409
219	0.1621434234
220	0.1616987971
221	0.1613366978
222	0.160997827
223	0.1606379355
224	0.160286997
225	0.1599275185
226	0.1596284525
227	0.1592847149
228	0.1589113527
229	0.1585993253
230	0.1583378059
231	0.1579881785
232	0.1576399184
233	0.1572674763
234	0.1568740599
235	0.1565183275
236	0.156207342
237	0.1558661095
238	0.1555789154
239	0.1552165267
240	0.1549240102
241	0.154682544
242	0.1543650571
243	0.1540207252
244	0.1537417296
245	0.1534578188
246	0.1531793142
247	0.152909653
248	0.1525898312
249	0.1522963562
250	0.151977261
251	0.151740259
252	0.15142012
253	0.1511982248
254	0.1508501762
255	0.1505615774
256	0.1502966965
257	0.1499894252
258	0.1496999767
259	0.1493837777
260	0.1491098458
261	0.1488261	0.1460058519
262	0.1457673889
263	0.1454999024
264	0.1452850284
265	0.1450242835
266	0.1447579192
267	0.1445096725
268	0.1442949787
269	0.1440652884
270	0.1438129944
271	0.1435779297
272	0.1433600469
273	0.143115826
274	0.1429562447
275	0.1427325586
276	0.1425014656
277	0.1422333851
278	0.1419716129
279	0.1417251563
280	0.1414885671
281	0282	0.1436184545
283	0.1433987971
284	0.1431892388
285	0.1429375744
286	0.1427572377
287	0.142502287	0288	0.142342288	0.139849641
289	0.1396065281
290	0.1393734027
291	0.292	0.14147292	0.293	0.141256312
294	0.1410575424
295	0.1408454972
296	0.1406512234
297	0.1404244959
298	0.1402030893
299	0.140007455
300	0.1397807607
301	0.13954301	0.1370993873
302	0.136868943
303	0.1366568014
304	0.1364869253
305	0.1362700238
306	0.1307	0.1384124533
308	0.1382148909
309	0.1380607518
310	0.1378676926
311	0.1376862249
312	0.1374481373
313	0.1372748236
314	0.1371314	0.1315	0.1369315	0.1343172391
316	0.1341552598
317	0.134005465
318	0.1338497414
319	0.1336821511
320	0.1334812958
321	0.1333244219
322	0.1331496146
323	0.1329923916
324	0.132818211
325	0.1326352157
326	0.132439755
327	0.1322545235
328	0.1320691336
329	0.1319243016
330	0.1317162951
331	0.1315329229
332	0.1313824225
333	0.1311839503
334	0.1310223817
335	0.1308322361
336	0.1306513342
337	0.1304732691
338	0.1303561925
339	0.1301594973
340	0.1299734638
341	0.12342	0.1320840668
343	0.1319190141
344	0.1317460327
345	0.1315335025
346	0.1313876051
347	0.1312287263
348	0.131075448
349	0.130932076
350	0.1307786836
351	0.1306148282
352	0.130438131
353	0.1303057565
354	353	0.1265030378
354	0.1263664616
355	0.1262153279
356	0.1260772808
357	0.1259493054
358	0.1258164912
359	0.1256460111
360	0.1254838856
361	0.1253209409
362	0.1251661566
363	0.125024555
364	0.1248814993
365	0.1247522283
366	0.1246222066
367	0.1244566035
368	0.1243135135
369	0.1241674102
370	0.1240356754
371	0.1238715816
372	0.1237522042
373	0.1236775141
374	0.1235221839
375	0.1234118581
376	0.1232836791
377	0.1231744516
378	0.1230383897
379	0.1229303633
380	0.1228230158
381	0.1227265382
382	0.1225747628
383	0.1224266116
384	0.1222743096
385	0.1221349444
386	0.1219928991
387	0.1218535415
388	0.1217476888
389	0.1216116393
390	0.1214944045
391	0.1213853881
392	0.1212587898
393	0.1211663679
394	0.1210527797
395	0.1209426842
396	0.120832154
397	0.1206774816
398	0.1205975276
399	0.1204958253
400	0.1204061804
401	0.1202570227
402	0.1201514847
403	0.1200097662
404	0.1198919529
405	0.1197741696
406	0.1196715302
407	0.1195383279
408	0.1194367337
409	0.1193356889
410	0.1192016035
411	0.412	0.1204778086
413	0.1203819155
414	0.1202812878
415	0.1201804017
416	0.1200839382
417	0.1199698716
418	0.1198667019
419	0.1197771707
420	0.1196897476
421	0.1195942546
422	0.1194746298
423	0.119370034
424	0.1192505782
425	0.1191231294
426	0.1189852416
427	0.1188933238
428	0.1188118947
429	0.1187104805
430	0.1186158868
431	0.1185080799
432	0.1183848606
433	0.1182857023
434	0.1181908353
435	0.1180820256
436	0.1179798586
437	0.1179009695
438	0.1178068301
439	0.1177114348
440	0.1175920756
441	0.117495869
442	0.1173707697
443	0.1172764118
444	0.1171720736
445	0.1170985047
446	0.1169929876
447	0.1169364022
448	0.1168489562
449	0.1167633626
450	0.1166675752
451	0.1165589842
452	0.116422769
453	0.1163152876
454	0.1162300935
455	0.1161397291
456	0.1160389218
457	0.1159128009
458	0.1158394648
459	0.115741716
460	0.1156509419
461	0.11557042
462	0.1154678652
463	0.1153562825
464	0.1152861564
465	0.115190257
466	0.1151194799
467	0.115022455
468	0.1149506308
469	0.1148418124
470	0.1147391342
471	0.1146336278
472	0.1145460243
473	0.1144742799
474	0.1143861262
475	0.114310433
476	0.1142274621
477	0.1141450229
478	0.114046416
479	0.1139605489
480	0.1138883609
481	0.1138040495
482	0.1137039563
483	0.1135987986
484	0.1135166489
485	0.1134227802
486	0.1133623191
487	0.1132857703
488	0.1131949494
489	0.113140205
490	0.1130882379
491	0.1130058853
492	0.1129223304
493	0.1128520637
494	0.112762088
495	0.1126723975
496	0.1126028857
497	0.1125427089
498	0.1124993459
499	0.1123953106
500	0.1123064774
501	0.1122050419
502	0.1121447479
503	0.1120705225
504	0.1119784802
505	0.111902165
506	0.1118292697
507	0.111784019
508	0.1117003704
509	0.1116331112
510	0.1115903025
511	0.1115202548
512	0.111406718
513	0.1113165846
514	0.1112425834
515	0.1111839846
516	0.1111079062
517	0.1110180248
518	0.1109466808
519	0.1108880855
520	0.1108072937
521	0.1107494664
522	0.1106859511
523	0.1106286546
524	0.1105568863
525	0.1105028644
526	0.1104655437
527	0.11040103
528	0.1103189415
529	0.1102606623
530	0.1102060488
531	0.1101343301
532	0.1100548479
533	0.1099419274
534	0.1099008733
535	0.1098320476
536	0.109784317
537	0.1097133126
538	0.1096624604
539	0.1096145599
540	0.1095338456
541	0.1094475594
542	0.1093824469
543	0.1093421498
544	0.1092867863
545	0.1092053607
546	0.1091338947
547	0.1090613466
548	0.1090277176
549	0.1089560453
550	0.1088763634
551	0.1088285398
552	0.108754955
553	0.1086640032
554	0.1085736774
555	0.1085045755
556	0.1084489045
557	0.1083960921
558	0.1083404779
559	0.1082637065
560	0.1081977296
561	0.1081373403
562	0.1080721334
563	0.1079864784
564	0.1079197188
565	0.1078632533
566	0.1077935605
567	0.1077077407
568	0.1076473487
569	0.1075767461
570	0.1075115216
571	0.1074478335
572	0.1073783643
573	0.1073195354
574	0.1072673634
575	0.1072042788
576	0.107160857
577	0.1071114172
578	0.1070361215
579	0.1070043314
580	0.1069730849
581	0.106922556
582	0.1068339753
583	0.1067993265
584	0.1067265369
585	0.1066782307
586	0.1065927174
587	0.1065369687
588	0.1064636655
589	0.1064215098
590	0.1063579795
591	0.1063284126
592	0.1062823106
593	0.1062203049
594	0.1061822518
595	0.1061293447
596	0.1060988349
597	0.1060227661
598	0.105988486
599	0.1059246125
600	0.1058560604
601	0.1057958333
602	0.1057652009
603	0.105710469
604	0.1056425552
605	0.1055817694
606	0.1055258276
607	0.1054493053
608	0.1053811388
609	0.1053179261
610	0.1052611481
611	0.105198422
612	0.1051440562
613	0.1050511034
614	0.1050058003
615	0.1049578647
616	0.1049067614
617	0.104840546
618	0.1047825259
619	0.1047159779
620	0.1046675513
621	0.1046225778
622	0.1045470819
623	0.1044934838
624	0.1044692257
625	0.1044167366
626	0.1043806379
627	0.104335049
628	0.1043059296
629	0.1042823355
630	0.1042295866
631	0.1041580964
632	0.1041389238
633	0.1040797737
634	0.1040328645
635	0.1039590018
636	0.1039022033
637	0.1038287259
638	0.1038129416
639	0.1037443025
640	0.1036762281
641	0.1036114711
642	0.103533445
643	0.1034813439
644	0.1034126586
645	0.1033736254
646	0.1033269218
647	0.1032525423
648	0.103201263
649	0.10314672
650	0.1031015757
651	0.1030618574
652	0.1029992633
653	0.102963834
654	0.1028932004
655	0.1028399278
656	0.102791276
657	0.1027659791
658	0.1027092459
659	0.1026656861
660	0.1025993459
661	0.1025443892
662	0.1024789418
663	0.1024270091
664	0.1023699347
665	0.1023173581
666	0.102271045
667	0.1022342698
668	0.1022157725
669	0.1021452602
670	0.1021042569
671	0.1020531515
672	0.1019990221
673	0.1019900374
674	0.1019288262
675	0.1018914955
676	0.1018299458
677	0.1018168362
678	0.101783268
679	0.1017471196
680	0.1017044525
681	0.1016571445
682	0.1016132942
683	0.1015758929
684	0.1015000278
685	0.1014714637
686	0.1014158841
687	0.1013659328
688	0.1013069712
689	0.1012657513
690	0.1012141601
691	0.1011565983
692	0.1011151884
693	0.1010741288
694	0.1010145697
695	0.1009596277
696	0.1009072857
697	0.1008964423
698	0.1008443621
699	0.1008049777
700	0.1007574668
701	0.100703319
702	0.1006584519
703	0.1006153879
704	0.1005841966
705	0.1005569368
706	0.100517066
707	0.1004513545
708	0.1003844792
709	0.1003725974
710	0.1003341263
711	0.1002555066
712	0.1002238921
713	0.1001873244
714	0.1001610994
715	0.1001155009
716	0.1000580508
717	0.09999331353
718	0.09994981602
719	0.09990325171
720	0.09988277495
721	0.09981486801
722	0.09975061736
723	0.09969359194
724	0.09963811526
725	0.09960819303
726	0.09959884493
727	0.09955167647
728	0.09949578586
729	0.09944255292
730	0.09937691056
731	0.09936092617
732	0.09931447169
733	0.09926180961
734	0.09920653892
735	0.09917632187
736	0.09909875552
737	0.09908655749
738	0.09907540069
739	0.09901224025
740	0.09896765703
741	0.09892860138
742	0.09889505307
743	0.09886623114
744	0.09881227384
745	0.09878625939
746	0.09874070135
747	0.09868541883
748	0.09863889254
749	0.09858359959
750	0.09853554099
751	0.09847529067
752	0.09844784788
753	0.09838714328
754	0.09834728779
755	0.09830500266
756	0.09826259958
757	0.09823508649
758	0.0981611573
759	0.09811006455
760	0.09807308143
761	0.09802096619
762	0.09800130916
763	0.09795007917
764	0.0979167225
765	0.09787227883
766	0.09781621798
767	0.09776406631
768	0.09770410956
769	0.09768791238
770	0.09765708179
771	0.09760122499
772	0.0975390107
773	0.09749427978
774	0.09743766702
775	0.0973999339
776	0.09738609476
777	0.09734383842
778	0.09728790165
779	0.09723781514
780	0.09720543057
781	0.09717771803
782	0.09713029603
783	0.09709557635
784	0.09703119557
785	0.09698293474
786	0.09692138388
787	0.09688326446
788	0.09685490053
789	0.09680709932
790	0.096736292
791	0.09668883981
792	0.0966412996
793	0.09659560331
794	0.09657684237
795	0.09652466545
796	0.0965037671
797	0.09644584199
798	0.0964341919
799	0.09640124807
800	0.09637548863
801	0.09635319564
802	0.09634428418
803	0.09633206637
804	0.09628849989
805	0.0962425891
806	0.09623055757
807	0.09617528018
808	0.09613806007
809	0.09610205972
810	0.09607751157
811	0.09603014682
812	0.09601207034
813	0.09597943136
814	0.09592944913
815	0.09590863194
816	0.09584405257
817	0.09581987955
818	0.09579386352
819	0.09575284538
820	0.09573965105
821	0.09572731544
822	0.09567841258
823	0.09567044277
824	0.09563914577
825	0.09561237731
826	0.09556280671
827	0.09550101422
828	0.09546819019
829	0.09544441414
830	0.09538112025
831	0.09532473447
832	0.09531397292
833	0.0952900012
834	0.09526623368
835	0.09521928999
836	0.09517289484
837	0.09516501195
838	0.09511836139
839	0.09510357961
840	0.09504902478
841	0.09503965548
842	0.09497258123
843	0.09491870344
844	0.0948853651
845	0.09483956842
846	0.09483037319
847	0.09478794977
848	0.09473301646
849	0.09471315467
850	0.09470399147
851	0.09467855181
852	0.09462824454
853	0.09459915165
854	0.09458005418
855	0.09452679567
856	0.09447578917
857	0.09443310344
858	0.09440027474
859	0.09439272511
860	0.09434386701
861	0.09431804038
862	0.09429378865
863	0.09423026606
864	0.09422166316
865	0.09421525102
866	0.09416002107
867	0.09414466199
868	0.09410054159
869	0.09408989619
870	0.09403447821
871	0.09402613111
872	0.09400712674
873	0.09399114238
874	0.09395420099
875	0.09393725337
876	0.09389299894
877	0.09384589245
878	0.09383403202
879	0.09380139127
880	0.09378630501
881	0.0937304164
882	0.09370475872
883	0.0936647941
884	0.09365201607
885	0.09360404693
886	0.09357066062
887	0.09350716557
888	0.09345236242
889	0.09343303059
890	0.09338369876
891	0.09333392771
892	0.09328465372
893	0.09324868565
894	0.09324125102
895	0.09320951282
896	0.09317769426
897	0.09314254787
898	0.09308256536
899	0.09303069443
900	0.09298220917
901	0.09293222182
902	0.09287985195
903	0.09283093067
904	0.09278690448
905	0.09275420547
906	0.09270485551
907	0.09265804224
908	0.09263571048
909	0.09259062548
910	0.09253568788
911	0.09249649228
912	0.09244543204
913	0.09240046397
914	0.09235500855
915	0.09234648998
916	0.09233807411
917	0.09230658581
918	0.09224617193
919	0.09218683203
920	0.0921703171
921	0.09212409856
922	0.09211653958
923	0.09210919249
924	0.09206448063
925	0.09201441557
926	0.09196632356
927	0.09192069301
928	0.09187364003
929	0.0918240958
930	0.09178176977
931	0.09176515982
932	0.09173107908
933	0.09168414884
934	0.09164016084
935	0.0916087634
936	0.09157775045
937	0.09156090245
938	0.09151420308
939	0.09146752431
940	0.09142980919
941	0.09141849211
942	0.09139403431
943	0.0913877357
944	0.0913379093
945	0.09129729335
946	0.09124218591
947	0.09121632683
948	0.0911717468
949	0.09113821609
950	0.09109041545
951	0.09106408777
952	0.09101480868
953	0.09098269399
954	0.0909428543
955	0.09089197484
956	0.09084469034
957	0.09082079263
958	0.0907906931
959	0.09075420633
960	0.09072845128
961	0.09069409205
962	0.09065430138
963	0.09063826823
964	0.09060403112
965	0.09057978011
966	0.09057339699
967	0.09052636046
968	0.0905183655
969	0.09047276182
970	0.09043568153
971	0.09039297572
972	0.09035252242
973	0.09031183158
974	0.09027213277
975	0.09024422283
976	0.09020020217
977	0.09017021506
978	0.0901304417
979	0.09008258729
980	0.09005725992
981	0.0900198241
982	0.08998670493
983	0.08996315902
984	0.0899567532
985	0.08990981613
986	0.08985808334
987	0.08982895512
988	0.08979782282
989	0.08976605067
990	0.08973815063
991	0.08970339275
992	0.08969710847
993	0.08967167317
994	0.08966603102
995	0.08962071677
996	0.08958996856
997	0.08956159242
998	0.08952613209
999	0.089495214
1000	0.08944406431
1001	0.08943835839
1002	0.08939251665
1003	0.08938132654
1004	0.08933214286
1005	0.08929282334
1006	0.08928759028
1007	0.08925335708
1008	0.08924779638
1009	0.0892148924
1010	0.0891749641
1011	0.08915062991
1012	0.08909828411
1013	0.08909277826
1014	0.08908530005
1015	0.08904336245
1016	0.08902087539
1017	0.08898083204
1018	0.08894612818
1019	0.08891716802
1020	0.08887799714
1021	0.08883621412
1022	0.08879965873
1023	0.08876062254
1024	0.08872831774
1025	0.08870684993
1026	0.08870184856
1027	0.08866518103
1028	0.08866007642
1029	0.08862891778
1030	0.08859453478
1031	0.08854484187
1032	0.08851942152
1033	0.08849736644
1034	0.08845466273
1035	0.08843139393
1036	0.08837639708
1037	0.08837124106
1038	0.08833391516
1039	0.08832609526
1040	0.08829376762
1041	0.08828790122
1042	0.0882443914
1043	0.08821760706
1044	0.08819350758
1045	0.0881534271
1046	0.08812306946
1047	0.08809742999
1048	0.08805769907
1049	0.08803098736
1050	0.08802586641
1051	0.08798261857
1052	0.08793818753
1053	0.0878964732
1054	0.08785699616
1055	0.0878247618
1056	0.08778462365
1057	0.08776705107
1058	0.0877334597
1059	0.08769475757
1060	0.08768744591
1061	0.08764993648
1062	0.08762329475
1063	0.08759943533
1064	0.08759444184
1065	0.0875662165
1066	0.08755407286
1067	0.08750787257
1068	0.08746107638
1069	0.087431893
1070	0.08739968221
1071	0.08736955361
1072	0.08736472189
1073	0.0873357
1074	0.08733078974
1075	0.08729829049
1076	0.08726004813
1077	0.08721731439
1078	0.08720874598
1079	0.08717254051
1080	0.0871544181
1081	0.08714909959
1082	0.08714436855
1083	0.08712495871
1084	0.08712026445
1085	0.08708995665
1086	0.08705324407
1087	0.08701479593
1088	0.08698823394
1089	0.0869588819
1090	0.08691655698
1091	0.08691182261
1092	0.08690750486
1093	0.08690321649
1094	0.08689285657
1095	0.0868540528
1096	0.08682953156
1097	0.08681595485
1098	0.08679134695
1099	0.08675517287
1100	0.08675092699
1101	0.08671106454
1102	0.08670167384
1103	0.08667449468
1104	0.08663887518
1105	0.08659911809
1106	0.08656138938
1107	0.08653059795
1108	0.08649200241
1109	0.08648399715
1110	0.08645947815
1111	0.08642597309
1112	0.08640284502
1113	0.08637047202
1114	0.08633445597
1115	0.08629439862
1116	0.08628134908
1117	0.08627724874
1118	0.08625185937
1119	0.08621267087
1120	0.08618597943
1121	0.08614572892
1122	0.0861102374
1123	0.08610588225
1124	0.08607412118
1125	0.08604362469
1126	0.08603484763
1127	0.08601997138
1128	0.08599502796
1129	0.08594808804
1130	0.08593129944
1131	0.08589217688
1132	0.08586885751
1133	0.08583445782
1134	0.08582930488
1135	0.08579476989
1136	0.08574735942
1137	0.08573324055
1138	0.08570563664
1139	0.08569748229
1140	0.08567347009
1141	0.08565029473
1142	0.08562034877
1143	0.08558356261
1144	0.08553285201
1145	0.08552142108
1146	0.08549973915
1147	0.0854666757
1148	0.08543145147
1149	0.08540053426
1150	0.08537243871
1151	0.0853686078
1152	0.08535046339
1153	0.08534112748
1154	0.08533286547
1155	0.08529152791
1156	0.08527965602
1157	0.08524200336
1158	0.08521848293
1159	0.08519524344
1160	0.08515458904
1161	0.08512747082
1162	0.08512284956
1163	0.08509798124
1164	0.0850494969
1165	0.0850207376
1166	0.08498256615
1167	0.08497874616
1168	0.08494291466
1169	0.08490369281
1170	0.08487084261
1171	0.08483538322
1172	0.08482440507
1173	0.08478696695
1174	0.08476464932
1175	0.0847370032
1176	0.08473204521
1177	0.084727442
1178	0.08470123126
1179	0.08469740554
1180	0.08468681975
1181	0.08466181823
1182	0.08465463173
1183	0.08461802745
1184	0.08457670984
1185	0.08455892495
1186	0.08453667435
1187	0.08452621581
1188	0.08452109381
1189	0.08451010835
1190	0.08447516562
1191	0.08444502286
1192	0.08443694808
1193	0.08442877244
1194	0.08440942911
1195	0.08436752446
1196	0.08433246687
1197	0.08428569837
1198	0.08424842221
1199	0.08424395339
1200	0.08420168064
1201	0.08417276504
1202	0.08414077677
1203	0.08411046569
1204	0.08409194404
1205	0.08407393889
1206	0.08405365145
1207	0.08402504289
1208	0.08400219059
1209	0.08399438491
1210	0.08397116219
1211	0.08393945562
1212	0.08390681359
1213	0.0838696031
1214	0.08385112449
1215	0.08382743691
1216	0.08380897506
1217	0.08377774485
1218	0.08373687658
1219	0.08370603922
1220	0.08368922681
1221	0.08365073915
1222	0.0836055582
1223	0.08357931465
1224	0.08357179087
1225	0.08353465313
1226	0.08350210109
1227	0.08347290931
1228	0.08344638261
1229	0.08343829145
1230	0.08341305776
1231	0.08338215303
1232	0.08335117477
1233	0.08331591162
1234	0.08330941259
1235	0.08328416317
1236	0.08324391209
1237	0.08320340112
1238	0.08317120425
1239	0.08313696863
1240	0.08312162126
1241	0.08308849831
1242	0.08305632683
1243	0.0830378607
1244	0.0830031631
1245	0.08297466852
1246	0.0829382255
1247	0.08292012475
1248	0.08289840948
1249	0.08289096883
1250	0.08285777395
1251	0.08281433309
1252	0.08278382675
1253	0.08273518999
1254	0.08271657392
1255	0.0826863164
1256	0.08264657528
1257	0.0826268682
1258	0.08259188686
1259	0.08255781456
1260	0.08254293312
1261	0.08252807696
1262	0.08249171395
1263	0.08245718035
1264	0.0824538968
1265	0.08242726179
1266	0.08242008586
1267	0.0823851647
1268	0.08235774131
1269	0.08232465633
1270	0.08229149898
1271	0.08226275825
1272	0.08224132683
1273	0.08221384421
1274	0.08218516718
1275	0.08215136574
1276	0.08213467806
1277	0.08209383223
1278	0.08205505385
1279	0.08204608555
1280	0.08202250301
1281	0.08200753892
1282	0.08198325166
1283	0.08197459044
1284	0.08195405441
1285	0.08192800847
1286	0.0819053086
1287	0.08189839703
1288	0.08186265167
1289	0.08184550839
1290	0.08182028247
1291	0.08179523893
1292	0.08178232467
1293	0.08177060136
1294	0.08174113714
1295	0.08172575045
1296	0.08169053977
1297	0.08166663835
1298	0.08164431034
1299	0.08163165618
1300	0.08162352187
1301	0.08159648276
1302	0.08158624379
1303	0.08157025825
1304	0.08153723264
1305	0.08152822469
1306	0.08149558521
1307	0.08147327349
1308	0.08144714659
1309	0.08142379048
1310	0.08141737649
1311	0.0813905723
1312	0.08136840722
1313	0.08136256586
1314	0.08133088175
1315	0.08131562473
1316	0.08128584024
1317	0.08126475394
1318	0.08123789067
1319	0.08121551028
1320	0.08118372146
1321	0.08117638288
1322	0.0811393129
1323	0.0811230579
1324	0.08108892145
1325	0.08107020316
1326	0.08106327761
1327	0.08104967153
1328	0.08104140356
1329	0.08100766992
1330	0.08098060155
1331	0.08095984507
1332	0.0809321619
1333	0.08090594989
1334	0.08086127863
1335	0.08084223202
1336	0.08081566818
1337	0.08079137027
1338	0.08077074994
1339	0.08073942548
1340	0.08071884133
1341	0.08069069855
1342	0.08067720725
1343	0.08063940249
1344	0.08061050613
1345	0.08058472278
1346	0.08057857808
1347	0.08057060235
1348	0.08056162884
1349	0.08053738438
1350	0.08052552785
1351	0.08050404136
1352	0.08049126258
1353	0.08045894674
1354	0.08042716014
1355	0.08040014092
1356	0.08036866422
1357	0.08035091297
1358	0.0803295848
1359	0.08031207093
1360	0.08030573307
1361	0.08028041943
1362	0.08025686243
1363	0.0802509316
1364	0.08021952296
1365	0.08018002152
1366	0.08014900968
1367	0.08013682728
1368	0.08010141162
1369	0.0800873921
1370	0.0800698584
1371	0.08004522797
1372	0.08003234966
1373	0.07999937959
1374	0.07997728491
1375	0.07994426557
1376	0.07992118201
1377	0.07990995384
1378	0.07988489261
1379	0.07986628788
1380	0.07982717757
1381	0.07979387709
1382	0.07974723352
1383	0.07971371184
1384	0.07969866
1385	0.07966997984
1386	0.07966400545
1387	0.07964009809
1388	0.0796017584
1389	0.07959783695
1390	0.07957169551
1391	0.07956401856
1392	0.07953733797
1393	0.07951210072
1394	0.07948154359
1395	0.07947393197
1396	0.07945680469
1397	0.07943044753
1398	0.07939652438
1399	0.07938597715
1400	0.07935368019
1401	0.07934667877
1402	0.07932284618
1403	0.07929457084
1404	0.07927543809
1405	0.07925700452
1406	0.07923629423
1407	0.07919788258
1408	0.07914820606
1409	0.07911939828
1410	0.07909531269
1411	0.07907067551
1412	0.07905339925
1413	0.07902512886
1414	0.07899960168
1415	0.07899414699
1416	0.0789664753
1417	0.07893902109
1418	0.07891217933
1419	0.07888920462
1420	0.07886181691
1421	0.0788346973
1422	0.07879741829
1423	0.07877153134
1424	0.07874578852
1425	0.07871105664
1426	0.07868580077
1427	0.07865684915
1428	0.07863486825
1429	0.0786064634
1430	0.07858013977
1431	0.07857445287
1432	0.07855898042
1433	0.07854432901
1434	0.0785189995
1435	0.07848779863
1436	0.07845049543
1437	0.07842277684
1438	0.07840305627
1439	0.07838247134
1440	0.07834933454
1441	0.07831968803
1442	0.07829135961
1443	0.07825843207
1444	0.07821961961
1445	0.07819708228
1446	0.0781639827
1447	0.07813199423
1448	0.07811449371
1449	0.07809131565
1450	0.07806807649
1451	0.07803633445
1452	0.07801058235
1453	0.07799499639
1454	0.07796153407
1455	0.07793837771
1456	0.07791143848
1457	0.07787204113
1458	0.07784855576
1459	0.0778303812
1460	0.07780150172
1461	0.07777010246
1462	0.07776302731
1463	0.07773558476
1464	0.07773106347
1465	0.07771512783
1466	0.07769407263
1467	0.07766814518
1468	0.07766299974
1469	0.07764190876
1470	0.07761861704
1471	0.07760289054
1472	0.07758453771
1473	0.07755132837
1474	0.07752837159
1475	0.07749548288
1476	0.07747018538
1477	0.07744775006
1478	0.07742739442
1479	0.07739431549
1480	0.07737433716
1481	0.0773526546
1482	0.07734140167
1483	0.07730933754
1484	0.07727773976
1485	0.07725975653
1486	0.07723814571
1487	0.07722422688
1488	0.0772000228
1489	0.07717084327
1490	0.07716115268
1491	0.07713151898
1492	0.07710815121
1493	0.07708107956
1494	0.07705608376
1495	0.0770275645
1496	0.07701549574
1497	0.07698701327
1498	0.07696948757
1499	0.07694282663
1500	0.07691265868
1501	0.07687435565
1502	0.07684966283
1503	0.07682317016
1504	0.07679416689
1505	0.07678975996
1506	0.07675934557
1507	0.07674270258
1508	0.07672919779
1509	0.07671275063
1510	0.07670615902
1511	0.07668165827
1512	0.07665938087
1513	0.07664204806
1514	0.0766363306
1515	0.07663129721
1516	0.07662680178
1517	0.07661268597
1518	0.07659221444
1519	0.07658651792
1520	0.07658250258
1521	0.07655967302
1522	0.07653702199
1523	0.0765115575
1524	0.07647322353
1525	0.07644311566
1526	0.0764162045
1527	0.07639859964
1528	0.07639435627
1529	0.07637525863
1530	0.07635198552
1531	0.07630889675
1532	0.07630550199
1533	0.07627722991
1534	0.07625758438
1535	0.07624148093
1536	0.07622344912
1537	0.07621990351
1538	0.07621518056
1539	0.07621181137
1540	0.0761968357
1541	0.076193764
1542	0.07617432865
1543	0.0761559899
1544	0.07612504653
1545	0.07609184592
1546	0.07608427394
1547	0.07605928288
1548	0.07605380906
1549	0.07602379619
1550	0.07599363493
1551	0.07597434224
1552	0.07594709349
1553	0.07594381672
1554	0.07592466346
1555	0.07592160912
1556	0.07588697318
1557	0.0758829453
1558	0.07584986859
1559	0.07584666255
1560	0.07582106627
1561	0.07580424843
1562	0.07580037065
1563	0.0757821366
1564	0.07575438091
1565	0.075736983
1566	0.07573356066
1567	0.0757290348
1568	0.07572513946
1569	0.07570312598
1570	0.07570000612
1571	0.07566600226
1572	0.07566292831
1573	0.07565959984
1574	0.07562962748
1575	0.075623251
1576	0.07559595751
1577	0.07558982713
1578	0.07558512369
1579	0.07558193656
1580	0.07555859289
1581	0.07553039593
1582	0.07551089398
1583	0.07548932973
1584	0.07545991707
1585	0.07543532849
1586	0.07543166325
1587	0.07540050155
1588	0.07539710437
1589	0.07537433134
1590	0.07534217888
1591	0.07530814799
1592	0.07526934311
1593	0.07526640381
1594	0.07526309039
1595	0.07525947161
1596	0.07525587969
1597	0.07525227781
1598	0.07522116029
1599	0.07518968336
1600	0.07516063513
1601	0.07512961191
1602	0.07512607214
1603	0.07511965023
1604	0.07508922881
1605	0.07507482301
1606	0.07505609842
1607	0.07503899775
1608	0.07503616027
1609	0.07501250648
1610	0.07498225187
1611	0.07497963229
1612	0.07497494183
1613	0.07494734545
1614	0.07492157352
1615	0.07491855972
1616	0.0749157866
1617	0.07489280912
1618	0.07488820002
1619	0.07487005519
1620	0.07486665396
1621	0.07486244629
1622	0.07484032612
1623	0.07483578995
1624	0.07481307776
1625	0.07478892622
1626	0.07478618711
1627	0.07478333149
1628	0.07475876452
1629	0.07473930755
1630	0.07470829135
1631	0.07468446435
1632	0.07465326509
1633	0.07463835657
1634	0.07463592476
1635	0.0746137454
1636	0.0745910714
1637	0.07457251567
1638	0.07456984235
1639	0.07454589379
1640	0.0745230033
1641	0.07451587755
1642	0.07451263352
1643	0.07450690638
1644	0.07450253
1645	0.07449971579
1646	0.07449711028
1647	0.07446519083
1648	0.07446241505
1649	0.07444467679
1650	0.07441407298
1651	0.07439583697
1652	0.0743622563
1653	0.07434814503
1654	0.07434538624
1655	0.07434219534
1656	0.07433965609
1657	0.07431651501
1658	0.0742909892
1659	0.07428854428
1660	0.07425577397
1661	0.07424036704
1662	0.07422442895
1663	0.07422071505
1664	0.07419567463
1665	0.07418025101
1666	0.07415840579
1667	0.07412971571
1668	0.07410779709
1669	0.07408384081
1670	0.0740814008
1671	0.07407870134
1672	0.07407541561
1673	0.07407302222
1674	0.07405201603
1675	0.07402314607
1676	0.07402049559
1677	0.07398639393
1678	0.07398376427
1679	0.07397962234
1680	0.07395397495
1681	0.07392801659
1682	0.07392130533
1683	0.07390233959
1684	0.07390001395
1685	0.07388637176
1686	0.07386623142
1687	0.07383700157
1688	0.07383403851
1689	0.07382977482
1690	0.07380287143
1691	0.07380032752
1692	0.07377824932
1693	0.07375408503
1694	0.07375183195
1695	0.07372550379
1696	0.07372321197
1697	0.07372033798
1698	0.07370394106
1699	0.073701095
1700	0.07367498644
1701	0.07365788574
1702	0.07365542872
1703	0.07365295964
1704	0.07363443391
1705	0.07361007792
1706	0.07358324565
1707	0.07358049587
1708	0.07356258179
1709	0.07356041872
1710	0.07353134081
1711	0.07351264022
1712	0.07351023698
1713	0.07349658128
1714	0.07346491023
1715	0.07346265454
1716	0.07345873359
1717	0.07343912349
1718	0.07343685996
1719	0.07340751631
1720	0.07340457566
1721	0.07337809711
1722	0.07335405917
1723	0.07333054099
1724	0.07330953933
1725	0.07329055467
1726	0.07326159356
1727	0.07324540351
1728	0.07324293616
1729	0.07323920554
1730	0.07322584261
1731	0.07320619718
1732	0.07320267388
1733	0.07318752402
1734	0.07316003297
1735	0.07315276219
1736	0.07312588796
1737	0.07311170839
1738	0.07309347249
1739	0.07307813827
1740	0.07307391762
1741	0.07305209724
1742	0.07302713812
1743	0.07300700063
1744	0.07300480827
1745	0.07300269429
1746	0.07297925909
1747	0.07296714132
1748	0.07295670675
1749	0.07292755115
1750	0.07292539465
1751	0.07292345745
1752	0.07290393454
1753	0.07288904834
1754	0.0728728808
1755	0.07287066461
1756	0.07285188047
1757	0.0728301834
1758	0.0728260618
1759	0.0728084929
1760	0.07278341759
1761	0.07277484727
1762	0.072745164
1763	0.07272622629
1764	0.07271543524
1765	0.07269417676
1766	0.07269185543
1767	0.07268989473
1768	0.07267234387
1769	0.07267025333
1770	0.07266815954
1771	0.0726387609
1772	0.07260914741
1773	0.07258348853
1774	0.07255850566
1775	0.07253827219
1776	0.07251014757
1777	0.07249992302
1778	0.07247467255
1779	0.07247276878
1780	0.07244902284
1781	0.0724470375
1782	0.07242752953
1783	0.07242129553
1784	0.07239558398
1785	0.07238360426
1786	0.07236190024
1787	0.07232912763
1788	0.07232700645
1789	0.07230443483
1790	0.07229519367
1791	0.07226633529
1792	0.0722491584
1793	0.07224649224
1794	0.07222416233
1795	0.07222172894
1796	0.07219069206
1797	0.07216957509
1798	0.07215553223
1799	0.07214905759
1800	0.07212115858
1801	0.07209705546
1802	0.07208959107
1803	0.07207135548
1804	0.07204507665
1805	0.07202270643
1806	0.07201637962
1807	0.07201183447
1808	0.07200291499
1809	0.07197679559
1810	0.0719570295
1811	0.07193239754
1812	0.07191333837
1813	0.07188309712
1814	0.07186217264
1815	0.07182778835
1816	0.07179968496
1817	0.07177189563
1818	0.07176087354
1819	0.07175481807
1820	0.07172527037
1821	0.07170630043
1822	0.07169015956
1823	0.07166443786
1824	0.07163598458
1825	0.07161337998
1826	0.071590291
1827	0.07156503363
1828	0.07152370603
1829	0.07151044835
1830	0.07150417179
1831	0.07147875049
1832	0.07145988155
1833	0.07145379617
1834	0.07143016457
1835	0.0714279904
1836	0.07141629969
1837	0.07139537401
1838	0.07138167254
1839	0.07136757347
1840	0.07134460438
1841	0.07133477963
1842	0.07131612958
1843	0.07128252246
1844	0.07126850228
1845	0.07125298623
1846	0.07122731079
1847	0.07121070206
1848	0.07119454991
1849	0.07117175553
1850	0.0711588161
1851	0.0711479801
1852	0.07112808221
1853	0.07109483477
1854	0.07108689994
1855	0.07106733993
1856	0.071031325
1857	0.07101659266
1858	0.07098862149
1859	0.07096299034
1860	0.07095026179
1861	0.07093952925
1862	0.07090607503
1863	0.07089377905
1864	0.07087023222
1865	0.07084742547
1866	0.07083399032
1867	0.07082982273
1868	0.0708024051
1869	0.07080025246
1870	0.07078438689
1871	0.0707785922
1872	0.07075981965
1873	0.07074597081
1874	0.07074286343
1875	0.07072302626
1876	0.07070169836
1877	0.07066798724
1878	0.07066586647
1879	0.07064722742
1880	0.0706411969
1881	0.07062011524
1882	0.07060342418
1883	0.07058800078
1884	0.07055446332
1885	0.07053344206
1886	0.07051181048
1887	0.07048769413
1888	0.07046161108
1889	0.07042653156
1890	0.07040263477
1891	0.07040069752
1892	0.07037512697
1893	0.07035321308
1894	0.07034814757
1895	0.07032821933
1896	0.07032218893
1897	0.07029900738
1898	0.07027331483
1899	0.07026945267
1900	0.07025763132
1901	0.07023337407
1902	0.07021887798
1903	0.07018663041
1904	0.07016117288
1905	0.07014814234
1906	0.0701256256
1907	0.07011875872
1908	0.07010528692
1909	0.07008892766
1910	0.07007083021
1911	0.07005115815
1912	0.07001565278
1913	0.06998461286
1914	0.06998112676
1915	0.06995837047
1916	0.06994873537
1917	0.06992680245
1918	0.06991565427
1919	0.06989577182
1920	0.06987195922
1921	0.06986805565
1922	0.06986462079
1923	0.06985650936
1924	0.06983170841
1925	0.06981893439
1926	0.06981662877
1927	0.06979139823
1928	0.06977033
1929	0.06974784949
1930	0.06972349108
1931	0.06970484775
1932	0.06968097909
1933	0.06965653773
1934	0.06965479285
1935	0.06963537392
1936	0.06961105688
1937	0.06960527916
1938	0.06957190414
1939	0.06954805905
1940	0.06952319969
1941	0.0694995824
1942	0.06949054158
1943	0.06946005239
1944	0.06943944211
1945	0.06942212949
1946	0.06941075629
1947	0.06940364047
1948	0.06938391133
1949	0.06936300157
1950	0.06933799716
1951	0.06933366672
1952	0.06932938258
1953	0.06930925448
1954	0.06928432337
1955	0.06928061419
1956	0.0692645834
1957	0.06924727831
1958	0.06921516948
1959	0.06920184982
1960	0.06917646492
1961	0.0691475568
1962	0.06913997671
1963	0.06913629052
1964	0.06910854836
1965	0.06908856772
1966	0.06907993814
1967	0.06907419289
1968	0.06906097583
1969	0.06904129173
1970	0.06902667145
1971	0.06902152494
1972	0.06901847915
1973	0.06900079414
1974	0.06899908754
1975	0.06899652586
1976	0.06897442309
1977	0.06895489983
1978	0.06895101456
1979	0.06892929753
1980	0.06890311665
1981	0.06888435543
1982	0.06886663638
1983	0.0688649241
1984	0.06884543105
1985	0.06884392491
1986	0.06884037343
1987	0.06881918047
1988	0.06878519964
1989	0.06876282834
1990	0.06875086068
1991	0.06874323733
1992	0.06872476854
1993	0.0686995688
1994	0.06868102423
1995	0.06867800911
1996	0.06865270025
1997	0.06862690908
1998	0.06860012577
1999	0.0685729724
2000	0.06856872514
2001	0.06856721065
2002	0.06854311563
2003	0.06854070014
2004	0.06853892719
2005	0.06852315374
2006	0.06850770885
2007	0.06847802126
2008	0.06845883123
2009	0.06844211145
2010	0.06842521903
2011	0.06840905571
2012	0.06838052376
2013	0.06837709783
2014	0.06836404805
2015	0.06833979315
2016	0.06832846063
2017	0.0683104194
2018	0.06828630144
2019	0.06826195375
2020	0.0682464532
2021	0.06821979561
2022	0.06820036655
2023	0.06819773589
2024	0.06817211605
2025	0.06815728412
2026	0.06814813006
2027	0.06813117398
2028	0.06810457787
2029	0.06807401075
2030	0.06805928133
2031	0.06804965674
2032	0.06802632695
2033	0.06802245983
2034	0.06802022246
2035	0.06800563886
2036	0.06797950564
2037	0.06796410872
2038	0.06793504353
2039	0.06792238012
2040	0.06790208638
2041	0.06787895453
2042	0.06787704532
2043	0.06785802214
2044	0.06785536325
2045	0.06785124747
2046	0.06784131125
2047	0.06781903465
2048	0.06780623971
2049	0.0677781889
2050	0.06774723658
2051	0.06772769798
2052	0.06770498005
2053	0.06768608061
2054	0.06767535304
2055	0.06765699216
2056	0.06763458355
2057	0.06762958188
2058	0.06761475548
2059	0.06759613667
2060	0.06757344685
2061	0.06755342847
2062	0.0675406865
2063	0.06753575313
2064	0.0675175668
2065	0.0675032679
2066	0.06747447308
2067	0.06745721538
2068	0.0674553284
2069	0.06743146849
2070	0.06741181925
2071	0.06739695236
2072	0.06738236634
2073	0.06738082936
2074	0.06735769431
2075	0.06735245592
2076	0.06734053674
2077	0.06731880638
2078	0.06730054007
2079	0.06728753748
2080	0.06726166194
2081	0.06723236968
2082	0.06720731707
2083	0.06719257515
2084	0.06716959449
2085	0.0671558627
2086	0.06714095483
2087	0.06711347987
2088	0.06709905859
2089	0.06707696895
2090	0.06705667783
2091	0.06703869691
2092	0.06701707026
2093	0.06700277291
2094	0.06697319924
2095	0.06697133747
2096	0.06695121777
2097	0.06693116925
2098	0.06691293168
2099	0.06689705784
2100	0.06688535482
2101	0.06687228339
2102	0.06685106549
2103	0.06683441441
2104	0.06680873627
2105	0.06680551749
2106	0.06680095317
2107	0.06678568175
2108	0.06676307287
2109	0.06674357106
2110	0.06674101119
2111	0.06671532731
2112	0.06669470067
2113	0.06667242436
2114	0.06664677778
2115	0.06661792257
2116	0.06661124701
2117	0.06658363848
2118	0.06655351747
2119	0.06653826149
2120	0.06653405044
2121	0.06653136657
2122	0.06651038263
2123	0.06648757192
2124	0.06647049086
2125	0.0664577385
2126	0.06645097907
2127	0.06644071619
2128	0.06642330891
2129	0.06641143149
2130	0.06638668107
2131	0.06635349033
2132	0.06633002128
2133	0.06632586023
2134	0.06630343188
2135	0.066285372
2136	0.06626385966
2137	0.06624043315
2138	0.06623155655
2139	0.06620643908
2140	0.06618697361
2141	0.06617533521
2142	0.06615289784
2143	0.06612880532
2144	0.06610704527
2145	0.06610050599
2146	0.0660901263
2147	0.0660670711
2148	0.06604984231
2149	0.0660239393
2150	0.066001611
2151	0.06599683955
2152	0.06599120333
2153	0.0659767226
2154	0.065951795
2155	0.06593922556
2156	0.06591273912
2157	0.06589299481
2158	0.06588601962
2159	0.06586737298
2160	0.06585960234
2161	0.06584079839
2162	0.06583775687
2163	0.06581903393
2164	0.0658056018
2165	0.06578635975
2166	0.0657569316
2167	0.06575300104
2168	0.06573400701
2169	0.06571239543
2170	0.06570790849
2171	0.06569744607
2172	0.06567170392
2173	0.06565600329
2174	0.06563764643
2175	0.06561996738
2176	0.06560166637
2177	0.06558097157
2178	0.06555501595
2179	0.06553771491
2180	0.06551766688
2181	0.06550587133
2182	0.06550095676
2183	0.06548531788
2184	0.06547040711
2185	0.06546841698
2186	0.06544483228
2187	0.06544095103
2188	0.06542520314
2189	0.06542304159
2190	0.06541584631
2191	0.06538480079
2192	0.06536101462
2193	0.06535901368
2194	0.0653475099
2195	0.06532832648
2196	0.06532442846
2197	0.06530289416
2198	0.06527048209
2199	0.06524200797
2200	0.06522288242
2201	0.06520817141
2202	0.0651862157
2203	0.06518242791
2204	0.06517924864
2205	0.06516295289
2206	0.0651600476
2207	0.06514206723
2208	0.06513405053
2209	0.06511085517
2210	0.06508654764
2211	0.06508407322
2212	0.06507319206
2213	0.06505696896
2214	0.06504037063
2215	0.0650203686
2216	0.06499897045
2217	0.06498055027
2218	0.06496514847
2219	0.06495411951
2220	0.0649392218
2221	0.06492155743
2222	0.06489384044
2223	0.06487385204
2224	0.06486937244
2225	0.06485140433
2226	0.06484043899
2227	0.06483784613
2228	0.06482172582
2229	0.06481804047
2230	0.0647985541
2231	0.06477912983
2232	0.0647519505
2233	0.0647296621
2234	0.06472064559
2235	0.06471710213
2236	0.0646937301
2237	0.06467287445
2238	0.06464941701
2239	0.06463544947
2240	0.06462103375
2241	0.06460416189
2242	0.06458484928
2243	0.06455862418
2244	0.06453162615
2245	0.06452375274
2246	0.06450005702
2247	0.06449762756
2248	0.06447457051
2249	0.06446309908
2250	0.06444003155
2251	0.06441909378
2252	0.06440394748
2253	0.06437547721
2254	0.06435654494
2255	0.0643371386
2256	0.0643173498
2257	0.06430538276
2258	0.06430183808
2259	0.06428447764
2260	0.06428136807
2261	0.06426198074
2262	0.06426011555
2263	0.0642354045
2264	0.06420880594
2265	0.06418318532
2266	0.06416428675
2267	0.0641477007
2268	0.06413515961
2269	0.06411607515
2270	0.06409948727
2271	0.064088589
2272	0.06407486792
2273	0.06405300656
2274	0.06403776678
2275	0.06401255574
2276	0.06398461368
2277	0.0639820153
2278	0.06396875464
2279	0.0639513729
2280	0.06394124505
2281	0.06391443619
2282	0.06391142939
2283	0.06390423355
2284	0.063883955
2285	0.0638712009
2286	0.06383826139
2287	0.06383220807
2288	0.0638114817
2289	0.06379791068
2290	0.06377375564
2291	0.06375821417
2292	0.06373508716
2293	0.06371295233
2294	0.06370673196
2295	0.06368317832
2296	0.06366370851
2297	0.06364360321
2298	0.06361895754
2299	0.0636031472
2300	0.06357496671
2301	0.06355653666
2302	0.06353444281
2303	0.06351370542
2304	0.06350913875
2305	0.06348137752
2306	0.06347024331
2307	0.06344779423
2308	0.06343065269
2309	0.0634271844
2310	0.06339920282
2311	0.06337550243
2312	0.06336274999
2313	0.06334404498
2314	0.06332201626
2315	0.06329507881
2316	0.06327982172
2317	0.06326477298
2318	0.06324924458
2319	0.06322896949
2320	0.06320731675
2321	0.06320337117
2322	0.06318620247
2323	0.06316396448
2324	0.06314098828
2325	0.06313403989
2326	0.06312104504
2327	0.06311826372
2328	0.06309863484
2329	0.06307961948
2330	0.06305157385
2331	0.06303225595
2332	0.06302886682
2333	0.06300611942
2334	0.0629806698
2335	0.06296377623
2336	0.06294546269
2337	0.06291647006
2338	0.06290612043
2339	0.0628926532
2340	0.06287237371
2341	0.06285634305
2342	0.06283618673
2343	0.06283373539
2344	0.06280957966
2345	0.06278618053
2346	0.06278388684
2347	0.0627623462
2348	0.06274228965
2349	0.06272725093
2350	0.06271006435
2351	0.06270755275
2352	0.06268223407
2353	0.06267991152
2354	0.06267595439
2355	0.06266064358
2356	0.06263533286
2357	0.06261388347
2358	0.06259953151
2359	0.06257686992
2360	0.06255300183
2361	0.0625318058
2362	0.06251469313
2363	0.06249733312
2364	0.0624941385
2365	0.06247266957
2366	0.06245856849
2367	0.06244654548
2368	0.06244425271
2369	0.06242347601
2370	0.0624213123
2371	0.06240580125
2372	0.06240306609
2373	0.06238509475
2374	0.06238288348
2375	0.06236507298
2376	0.06235077802
2377	0.06232096697
2378	0.06230496883
2379	0.06228533069
2380	0.06226903801
2381	0.06225266253
2382	0.06224120709
2383	0.06222450252
2384	0.06222113884
2385	0.06220598194
2386	0.06218135571
2387	0.06216639574
2388	0.06214447025
2389	0.06212683724
2390	0.06210265427
2391	0.06210051055
2392	0.06208048159
2393	0.06206231889
2394	0.06206024603
2395	0.06204299822
2396	0.06202616111
2397	0.06200736863
2398	0.06198781878
2399	0.06197015621
2400	0.06196709123
2401	0.06195109888
2402	0.06193304319
2403	0.06191380055
2404	0.06189364776
2405	0.06187077092
2406	0.06185149058
2407	0.06183702825
2408	0.06181962633
2409	0.06180038959
2410	0.06177977513
2411	0.06176642224
2412	0.06174084534
2413	0.06172482512
2414	0.0617097418
2415	0.06169179113
2416	0.06167543927
2417	0.06166098281
2418	0.06164430776
2419	0.06164135657
2420	0.06162661452
2421	0.06160362771
2422	0.06158539296
2423	0.06157395385
2424	0.06155821069
2425	0.06155613096
2426	0.06152982489
2427	0.06151363988
2428	0.06150801197
2429	0.06150528588
2430	0.0614869862
2431	0.06147114527
2432	0.06144897692
2433	0.06142638628
2434	0.06142433369
2435	0.06140387978
2436	0.06140183996
2437	0.06138466383
2438	0.06136734027
2439	0.06134768787
2440	0.06132705118
2441	0.06130763493
2442	0.06129164489
2443	0.06126922437
2444	0.06124030778
2445	0.06121756784
2446	0.06121553952
2447	0.06119447113
2448	0.06118080059
2449	0.06117709033
2450	0.06115852049
2451	0.06114342857
2452	0.06114158709
2453	0.06112012765
2454	0.06108925191
2455	0.06107256182
2456	0.06106249766
2457	0.06104019245
2458	0.0610216854
2459	0.06100688453
2460	0.06098505911
2461	0.06098223706
2462	0.06097075962
2463	0.06094852287
2464	0.06093153214
2465	0.06089812222
2466	0.06088430926
2467	0.06086575229
2468	0.06083818396
2469	0.06082329671
2470	0.06080945566
2471	0.06080730726
2472	0.06079628452
2473	0.06077570765
2474	0.0607519068
2475	0.06073210804
2476	0.06071555849
2477	0.06070398253
2478	0.06068586649
2479	0.06066580291
2480	0.06066380817
2481	0.06065082549
2482	0.06064572158
2483	0.06063216403
2484	0.06061631773
2485	0.06061336096
2486	0.06059748896
2487	0.06057763179
2488	0.06056352505
2489	0.06054672719
2490	0.06053393344
2491	0.06050822672
2492	0.06048796152
2493	0.06047223647
2494	0.06045841953
2495	0.06043953866
2496	0.06043757478
2497	0.06042260113
2498	0.06040675387
2499	0.06039525895
2500	0.06036745603
2501	0.06034148931
2502	0.06032473064
2503	0.06030944871
2504	0.06029374242
2505	0.06027862355
2506	0.06025775764
2507	0.06024321408
2508	0.06022651106
2509	0.06021080215
2510	0.06019041236
2511	0.06018738833
2512	0.06017624007
2513	0.06015114432
2514	0.0601380289
2515	0.06012493731
2516	0.06010965543
2517	0.06010594677
2518	0.06009693859
2519	0.06007787725
2520	0.06006918109
2521	0.0600482478
2522	0.06002848067
2523	0.06001318151
2524	0.06001123709
2525	0.05998184909
2526	0.05996233764
2527	0.05993962324
2528	0.05993609999
2529	0.05991679606
2530	0.05990166946
2531	0.05989975246
2532	0.05987875119
2533	0.05985829315
2534	0.05984017211
2535	0.05982861927
2536	0.05981968364
2537	0.05981741099
2538	0.05979530635
2539	0.05978062664
2540	0.05976380729
2541	0.0597419764
2542	0.05972640106
2543	0.05971102603
2544	0.05968872258
2545	0.05968472039
2546	0.05967090129
2547	0.0596496292
2548	0.05963871669
2549	0.05961853889
2550	0.05961491843
2551	0.05960368628
2552	0.05958447711
2553	0.0595747014
2554	0.05956941619
2555	0.0595505362
2556	0.05953409701
2557	0.05952410686
2558	0.05952198299
2559	0.05950073562
2560	0.05949849816
2561	0.05948284279
2562	0.05947580127
2563	0.05946472692
2564	0.05944702141
2565	0.05943220971
2566	0.05941953332
2567	0.05941725452
2568	0.05939884722
2569	0.05937743942
2570	0.05935655464
2571	0.05934194545
2572	0.05932958555
2573	0.05930047155
2574	0.05927838254
2575	0.05926510482
2576	0.0592463653
2577	0.05922495233
2578	0.05921506604
2579	0.05920108307
2580	0.05919271161
2581	0.05919082324
2582	0.05917012503
2583	0.05914596466
2584	0.05912869361
2585	0.05911004839
2586	0.05908837284
2587	0.05908442292
2588	0.05907018891
2589	0.05905393179
2590	0.05904331907
2591	0.05903412392
2592	0.05901441708
2593	0.05898945414
2594	0.05898675351
2595	0.05898138353
2596	0.05896102526
2597	0.05894685008
2598	0.05892851032
2599	0.05891523421
2600	0.05889140465
2601	0.05887163697
2602	0.05884886399
2603	0.0588291725
2604	0.05882114331
2605	0.05880031716
2606	0.05879857977
2607	0.05878156754
2608	0.05876527105
2609	0.05875518288
2610	0.05873591473
2611	0.05872712642
2612	0.05870810534
2613	0.05868769502
2614	0.05867715489
2615	0.05867563723
2616	0.05865470583
2617	0.05863633138
2618	0.05860821632
2619	0.05858789905
2620	0.05858006806
2621	0.0585779633
2622	0.05855901421
2623	0.05854035526
2624	0.05853821878
2625	0.05853437021
2626	0.05852284553
2627	0.05849166451
2628	0.05849040537
2629	0.05847858666
2630	0.05845418749
2631	0.05843717483
2632	0.05842073655
2633	0.05840817617
2634	0.05838701347
2635	0.05836395269
2636	0.05834688106
2637	0.05832951993
2638	0.05831532596
2639	0.05831384991
2640	0.05829826788
2641	0.05829618801
2642	0.05827864168
2643	0.05826459365
2644	0.05826287906
2645	0.05825794267
2646	0.05824765398
2647	0.05822477006
2648	0.05822007646
2649	0.05820383682
2650	0.05819399294
2651	0.05818602354
2652	0.05816054365
2653	0.05813974837
2654	0.05812676566
2655	0.05811425788
2656	0.05810085606
2657	0.05808007862
2658	0.05806397941
2659	0.05805662585
2660	0.05805443436
2661	0.05803580186
2662	0.05802097552
2663	0.0580008567
2664	0.05798803822
2665	0.05797397085
2666	0.05797253453
2667	0.05795470109
2668	0.05795217963
2669	0.05792660314
2670	0.05792482044
2671	0.0579065468
2672	0.05788594202
2673	0.05786927845
2674	0.0578639638
2675	0.05786247471
2676	0.05786098957
2677	0.05783718076
2678	0.05781689634
2679	0.05779933786
2680	0.05778014258
2681	0.05777760139
2682	0.05777590193
2683	0.05776607799
2684	0.05774994202
2685	0.05773345943
2686	0.05773152604
2687	0.05770726366
2688	0.05768193693
2689	0.05767052568
2690	0.05766887426
2691	0.05766690147
2692	0.05765750402
2693	0.05764245019
2694	0.05762132773
2695	0.0576056414
2696	0.05758530591
2697	0.05757320976
2698	0.05755961672
2699	0.05755714209
2700	0.05753790042
2701	0.05751913528
2702	0.05751747091
2703	0.05750043122
2704	0.05749871313
2705	0.05748340852
2706	0.05747144664
2707	0.05746938947
2708	0.05745977827
2709	0.0574579713
2710	0.0574410885
2711	0.05742375631
2712	0.05741490768
2713	0.05739719162
2714	0.05739534125
2715	0.05737038887
2716	0.05735032652
2717	0.05733043862
2718	0.05731388365
2719	0.05730246399
2720	0.05728730677
2721	0.05727420218
2722	0.05727256547
2723	0.05725359491
2724	0.05724004495
2725	0.05722798478
2726	0.05722108989
2727	0.05720748049
2728	0.05720548973
2729	0.05719367729
2730	0.05717841086
2731	0.05716308889
2732	0.05716119885
2733	0.0571446948
2734	0.05713476949
2735	0.05711280668
2736	0.05709265176
2737	0.0570754029
2738	0.05706564532
2739	0.05705014001
2740	0.05704810446
2741	0.05702894802
2742	0.05702694113
2743	0.05701344075
2744	0.0569927182
2745	0.05697850338
2746	0.05696102592
2747	0.05693851003
2748	0.05692006406
2749	0.0569052885
2750	0.05688493184
2751	0.056883629
2752	0.05687076122
2753	0.05685445011
2754	0.05683627287
2755	0.05683466566
2756	0.05681920906
2757	0.05681685816
2758	0.05681501515
2759	0.05680176432
2760	0.0567813137
2761	0.05676743765
2762	0.05674995874
2763	0.0567343048
2764	0.05673247697
2765	0.05672122956
2766	0.05670067628
2767	0.0566816442
2768	0.05666981805
2769	0.05666472348
2770	0.05665219519
2771	0.05664006217
2772	0.05661584529
2773	0.05661424112
2774	0.05659535739
2775	0.05657560859
2776	0.0565738616
2777	0.05656074613
2778	0.0565447842
2779	0.05652667825
2780	0.056525156
2781	0.05652331743
2782	0.05650731237
2783	0.05648918943
2784	0.05647611191
2785	0.05646772117
2786	0.05645116015
2787	0.05644962604
2788	0.0564228355
2789	0.05640576564
2790	0.05638733016
2791	0.05636313822
2792	0.05634383667
2793	0.05634225947
2794	0.05631942031
2795	0.05630536653
2796	0.05629486981
2797	0.05628209392
2798	0.05626601694
2799	0.05626420591
2800	0.0562414949
2801	0.05623943845
2802	0.05622914939
2803	0.05622118861
2804	0.05620145979
2805	0.05618522918
2806	0.05617388811
2807	0.05616319708
2808	0.05616118908
2809	0.05613435849
2810	0.0561143173
2811	0.05610075747
2812	0.05608193952
2813	0.05605647926
2814	0.05604947589
2815	0.05603061917
2816	0.05602776412
2817	0.05600307023
2818	0.05597933685
2819	0.05597120501
2820	0.05595524416
2821	0.05592588997
2822	0.05590664934
2823	0.05589432665
2824	0.05587701802
2825	0.05586037235
2826	0.05584371716
2827	0.05584172323
2828	0.0558216132
2829	0.05579880565
2830	0.05578388052
2831	0.05577224166
2832	0.05575380653
2833	0.05574398064
2834	0.05572780536
2835	0.05571574677
2836	0.05570756634
2837	0.05569238586
2838	0.05567306509
2839	0.05565441896
2840	0.05564853666
2841	0.05563830189
2842	0.05562152262
2843	0.05560748521
2844	0.05559432078
2845	0.05557459857
2846	0.05555981315
2847	0.05554306292
2848	0.05552942283
2849	0.05551403104
2850	0.05551248666
2851	0.05549764406
2852	0.05548299036
2853	0.05548127418
2854	0.05547472533
2855	0.05546365614
2856	0.05544838713
2857	0.05544613522
2858	0.05542093836
2859	0.05540029971
2860	0.05539007487
2861	0.05537502289
2862	0.0553736234
2863	0.05536090937
2864	0.05534583714
2865	0.05532782704
2866	0.05531878635
2867	0.05530992734
2868	0.05529467132
2869	0.05528530421
2870	0.05526539956
2871	0.05524685183
2872	0.05523115916
2873	0.05522069649
2874	0.05520505905
2875	0.05519812406
2876	0.05517739341
2877	0.05516810698
2878	0.05515852813
2879	0.05514305535
2880	0.05511946841
2881	0.05510525832
2882	0.05510294582
2883	0.05509442195
2884	0.05509188912
2885	0.05507447206
2886	0.055058187
2887	0.05505656887
2888	0.05503951243
2889	0.05502467198
2890	0.05501358588
2891	0.0549975861
2892	0.05497315282
2893	0.05495359863
2894	0.05492980564
2895	0.05492851591
2896	0.05491251424
2897	0.05489883798
2898	0.05488486175
2899	0.05487624096
2900	0.05487468828
2901	0.05486123631
2902	0.05483607287
2903	0.05481873657
2904	0.05479942436
2905	0.05478408035
2906	0.05478265101
2907	0.05478113325
2908	0.05475319842
2909	0.0547419908
2910	0.05473972506
2911	0.05472593371
2912	0.05470625973
2913	0.05468286147
2914	0.05466592241
2915	0.05466428965
2916	0.05464122724
2917	0.05462053908
2918	0.05461534954
2919	0.05460148122
2920	0.05458635889
2921	0.05456829377
2922	0.05455290934
2923	0.05454042633
2924	0.05451525399
2925	0.05450113671
2926	0.05447966737
2927	0.0544615333
2928	0.05445480614
2929	0.0544407057
2930	0.05442092033
2931	0.05441207036
2932	0.05439269563
2933	0.05437849391
2934	0.05436377385
2935	0.05434115822
2936	0.05432490275
2937	0.05431992767
2938	0.05430508092
2939	0.0542891878
2940	0.05428769803
2941	0.05428633245
2942	0.05428234704
2943	0.05426607828
2944	0.05425632131
2945	0.05424036266
2946	0.05422796659
2947	0.05422392555
2948	0.05422256604
2949	0.05420607437
2950	0.05419421987
2951	0.05417998678
2952	0.05416267975
2953	0.05414806834
2954	0.05413184146
2955	0.05413035735
2956	0.05410806017
2957	0.05410025874
2958	0.05407648352
2959	0.05405857818
2960	0.054056448
2961	0.05404147786
2962	0.05402708345
2963	0.05401008357
2964	0.05400317068
2965	0.05399050519
2966	0.05397755364
2967	0.05396571635
2968	0.05396413162
2969	0.05394105135
2970	0.05392487228
2971	0.05392357481
2972	0.05390606707
2973	0.05389266697
2974	0.05389131757
2975	0.05387716363
2976	0.05386637898
2977	0.05385526887
2978	0.05383736528
2979	0.05383114111
2980	0.05381693772
2981	0.0538017689
2982	0.0537794504
2983	0.05376746005
2984	0.0537554256
2985	0.05374393639
2986	0.05374028231
2987	0.05373503671
2988	0.05371798436
2989	0.05370443992
2990	0.05369254972
2991	0.05369115459
2992	0.05367491865
2993	0.05367353531
2994	0.05365599512
2995	0.05363759294
2996	0.05363591834
2997	0.05363453721
2998	0.05363150588
2999	0.05362477421

2998	0.05229673288
2999	0.05227963896
